"ConceptScheme URI","https://w3id.org/bod-vocab/",,,,,,,,,,,,,,,,,,,,,,,,,,,,,,,,,,,,,,,,,,,,,
"PREFIX","bvc","https://w3id.org/bod-vocab/",,,,,,,,,,,,,,,,,,,,,,,,,,,,,,,,,,,,,,,,,,,,
"dct:title@en","Bodleian pilot vocabulary",,,,,,,,,,,,,,,,,,,,,,,,,,,,,,,,,,,,,,,,,,,,,
"dct:description@en","Vocabulary compiled for the pilot of LCD2",,,,,,,,,,,,,,,,,,,,,,,,,,,,,,,,,,,,,,,,,,,,,
"dc:creator","Bodleian Library",,,,,,,,,,,,,,,,,,,,,,,,,,,,,,,,,,,,,,,,,,,,,
"dct:rights","https://creativecommons.org/licenses/by/4.0/",,,,,,,,,,,,,,,,,,,,,,,,,,,,,,,,,,,,,,,,,,,,,
,,,,,,,,,,,,,,,,,,,,,,,,,,,,,,,,,,,,,,,,,,,,,,
"URI","skos:prefLabel@en","skos:broader","skos:related","skos:scopeNote@en","skos:altLabel@en","skos:altLabel@en","skos:altLabel@en","skos:altLabel@en","skos:altLabel@en","skos:altLabel@en","skos:altLabel@en","skos:altLabel@en","skos:altLabel@en","skos:altLabel@en","skos:altLabel@en","skos:altLabel@en","skos:altLabel@en","skos:altLabel@en","skos:altLabel@en","skos:altLabel@en","skos:altLabel@en","skos:altLabel@en","skos:altLabel@en","skos:altLabel@en","skos:altLabel@en","skos:altLabel@en","skos:altLabel@en","skos:altLabel@en","skos:altLabel@en","skos:altLabel@en","skos:altLabel@en","skos:altLabel@en","skos:altLabel@en","skos:altLabel@en","skos:altLabel@en","skos:altLabel@en","skos:altLabel@en","skos:altLabel@en","skos:altLabel@en","skos:altLabel@en","skos:altLabel@en","skos:altLabel@en","skos:altLabel@en","skos:altLabel@en","skos:altLabel@en","skos:altLabel@en"
"bvc:9bde6a74-c79d-4aa7-b942-3e3d9de20620","wheat starch paste",,,"Adhesive made from flour containing 70% starch and 12% gluten. It is clear, and reversible with water.","WSP",,"wheatstarch paste","wheat starch","paste",,,,,,,,,,,,,,,,,,,,,,,,,,,,,,,,,,,,,
"bvc:95de4b93-b243-4893-97a2-91607fbf7b31","wheat flour paste",,,"Refers to any water-soluble vegetable adhesive created from cooked starch.",,"Paste wheat flour","WF paste","Wheat flour","Flour paste",,,,,,,,,,,,,,,,,,,,,,,,,,,,,,,,,,,,,
"bvc:29cfad27-e4a8-494c-9bf7-4a436e1d4ca8","EVA",,,"A thermoplastic copolymer used to improve adhesion properties of hot-melt and pressure sensitive adhesives, and for conversion coatings.",,"EVA glue",,,,,,,,,,,,,,,,,,,,,,,,,,,,,,,,,,,,,,,,
"bvc:4d49644e-357e-48c1-a7a1-792d69446498","PVA",,,"A thermoplastic resin that is soluble or swells in water and can become insoluble in time through crosslinking; used chiefly for emulsifier, adhesive, and film resistant to solvent and abrasion, and in making molded and extruded products, and polyvinyl acetal.",,"Parry PVA 3953",,,,,,,,,,,,,,,,,,,,,,,,,,,,,,,,,,,,,,,,
"bvc:0a55f646-c3f7-4d2f-94f4-822ad13413f2","gelatine",,,"A water-soluble, tasteless colloidal form of processed collagen obtained from bones, hooves or skins and used as a dispersing agent, sizing medium, adhesive, or coating for photographic films, and stabilizer for foodstuffs and pharmaceutical preparations. Is high in molecular weight after processing, as opposed to more vigorously processed collagen which results in animal glue.","gelatine","food grade gelatine","edible leaf gelatine","gelatin type B","gelatine size",,,,,,,,,,,,,,,,,,,,,,,,,,,,,,,,,,,,,
"bvc:0c918b67-e59f-476d-81c4-1b378b2410ce","animal glue",,,"A low-molecular-weight adhesive made from a solution of degraded or denatured collagen in water. The protein content in animal glue is less pure and darker in color than gelatin.","Glue (removed)","Animal glue (removed)","Pearl glue",,,,,,,,,,,,,,,,,,,,,,,,,,,,,,,,,,,,,,,
"bvc:b06b372e-c3d0-491d-951a-be4c4fc34ce1","rabbit skin glue",,,"Hide glue made from rabbits. Used as a primer for canvases.",,,,,,,,,,,,,,,,,,,,,,,,,,,,,,,,,,,,,,,,,,
"bvc:1fa3f3d3-99a0-407c-a5dd-8e6e245e65b6","sizing",,,"Application of a penetrating liquid to fill pores, to isolate coatings, or to make surfaces suitable to receive coatings.",,,,,,,,,,,,,,,,,,,,,,,,,,,,,,,,,,,,,,,,,,
"bvc:0b6d4b7c-9ae2-45ec-ba87-a910217567d4","adhesion",,,"The joining of two surfaces by means of a generally viscous, sticky composition such as an adhesive or through physical or chemical force.",,,,,,,,,,,,,,,,,,,,,,,,,,,,,,,,,,,,,,,,,,
"bvc:f920307e-e79b-43af-962c-012b13b41f1a","gel",,,"Semirigid colloidal system of a liquid in a solid.",,,,,,,,,,,,,,,,,,,,,,,,,,,,,,,,,,,,,,,,,,
"bvc:5010996c-9691-4af7-9e64-02d05d7e596d","poulticing",,,"The application of a poultice, which is a substance with a soft, absorbent, or pasty consistency. For cleaning, the poultice is applied to an area in order to draw out a stain or remove other substances in a controlled manner. Poultices are also used in medical applications.","poultice",,,,,,,,,,,,,,,,,,,,,,,,,,,,,,,,,,,,,,,,,
"bvc:947f1136-538b-46bc-ad85-8baddc5a0ee4","methyl cellulose",,,"Refers to any methylated derivative of cellulose. Methyl cellulose is a white powder that swells in water and is used as a substitute for natural gums, functioning in various commercial contexts as emulsifying, thickening, or sizing agent, lubricant, and suspension aid. In textile and paper conservation, it is used as an adhesive and as a poulticing material for removal of stains.",,"methylcellulose","methylcell.","C.M.C. (methyl cellulose)",,,,,,,,,,,,,,,,,,,,,,,,,,,,,,,,,,,,,,
"bvc:1d05af1c-4c7e-4d94-ac6f-da72815af433","Melinex",,,"Melinex is the trademarked name for one in a series of clear polyethylene terephthalate (PET) polyester films produced by DuPont.",,"50 micron Melinex","75 micron Melinex","75 micron polyester",,,,,,,,,,,,,,,,,,,,,,,,,,,,,,,,,,,,,,
"bvc:6b8b123b-3556-482f-95f2-4e22758673ad","handmade paper",,,"Paper made without the use of industrial machinery. Paper of this type is often provided with a watermark and frequently exhibits a rough or deckled edge as a by-product of its manufacture.","Atlantis H[and]. M[ade]. paper","Kalamazoo linen paper","H.M - Moulin du Veruer de Puymoyen","Moulin du Verger (AMV1H) 120 gsm hand made paper",,,,,,,,,,,,,,,,,,,,,,,,,,,,,,,,,,,,,,
"bvc:728e8eb2-7d0e-441d-9d37-c73a9fc7abc6","manilla",,,"Paper made on a machine that allows pulp to flow onto a moving and vibrating mesh or belt, thus forming a continuous strip that may be dried and pressed before being wound onto a roll for storage. Machine-made paper may exhibit laid lines, chain lines, and watermarks that mimic those of handmade paper.","archival kraft","archival manilla","thin manilla","RK17","Paper Nao (RK17) machine made Japanese paper",,,,,,,,,,,,,,,,,,,,,,,,,,,,,,,,,,,,,
"bvc:40c3b79d-7315-4392-a294-b53b83da1b66","Japanese paper (handmade paper)",,,"Refers to various types of handmade paper, particularly strong, handmade paper composed of long bast fibers derived from the paper mulberry (Broussonetia papyrifera), the gampi (Wikstroemia canascens) and the mitsumata (Edgeworthia papyrifera). Thin, translucent sheets of Japanese paper are often used as a reinforcing paper and hinges because of their strength, flexibility, and permanence. Specifically for paperlike material made from the pith of the rice paper tree, use ""rice paper.""","Hasegawa 1.6","Hasegawa 1.6 monme","Hasegawa Japanese paper 1.6","Hasegawa 2.0","Hasegawa Japanese paper 2.0","Hasegawa 2.2 paper","Hasegawa 2.7","Hasegawa 2.7 monme","Hasegawa 2.7 monme paper","Hasegawa Japanese paper 2.7","Hasegawa Japanese paper 3.0","Hasegawa 3.0 hand made Japanese paper","Hasegawa 3.3","Japanese paper","Jap. paper","Jap tissue","Light Japanese tissue","Light Jap tissue","Light weight Jap tissue","Medium Jap tissue","Medium weight Jap tissue","Heavy Jap tissue","Jap 15","Jap paper no. 15","Jap 34","Jap 39 dark tissue","Juko Misakawa Japanese paper","Paper Nao K1","K33","K34 Japanese Paper","K 35 (Jap)","K37 Japanese paper","K38 Japanese tissue","Sekisho Yokokawa (K42) tissue","K 62 (6)","K 63 (Jap)","Lawrence no.2","Lawrence 15 Japanese paper","Mino","Tengu 3.5gsm NAJ tone paper","Tengujo","Usumino"
"bvc:7dc12605-c3fb-4eae-99c7-71b29c845ba7","tissue",,,"Refers generally to all types of thin matted or felted sheets or webs of fiber formed and dried on a fine screen from a pulpy water suspension. The fibers may be animal, such as hair, silk or wool, or mineral, such as asbestos, or synthetic. However most paper is made from cellulosic plant fiber, such as from wood pulp, grass, cotton, linen, and straw.",,,,,,,,,,,,,,,,,,,,,,,,,,,,,,,,,,,,,,,,,,
"bvc:23b5bb9a-1d7d-41e5-9e58-1ec6f7f06fcf","leather",,,"The skin or hide of an animal that has been tanned to render it resistant to putrefication and relatively soft and flexible when dry. For composite material made from scrap leather pieces, use ""maril.""",,,,,,,,,,,,,,,,,,,,,,,,,,,,,,,,,,,,,,,,,,
"bvc:fa02a379-6d27-429f-84be-055799c1c369","tanned leather",,,"An animal skin that has been treated with tanning agents to turn it into leather and which, before the 19th century, will be derived only from vegetable sources such as the bark of oak trees, sumac, etc. Because the term leather has been used historically of both alum-tawed and tanned skins, it is safer, wherever there might be confusion, to used the term tanned skin rather than leather, though properly-speaking, they both have the same meaning.","Oak bark tanned leather","Oak-bark calf","Bakers Oak bark tanned calf","Leather cord","Veg tanned goatskin","Goat skin veg & alum","Sandos brown Harmatan","Calf leather","Stained leather (calfskin)",,,,,,,,,,,,,,,,,,,,,,,,,,,,,,,,,
"bvc:31536755-4a15-4ec7-ac7f-b544b1a1f140","alum-tawed leather",,,"A skin prepared in an aqueous solution of a double salt of aluminium and potassium sulphates. The process, which is of great antiquity, produces a white skin which is dried (crusted) and then staked, or worked over a blunt metal knife, to produce a soft, supple skin, qualities which could be enhanced by the addition of flour and egg-yolk to the tawing solution. If wetted again, as many blind-tooled German bindings of the late fifteenth to the mid-eighteenth century were before tooling, the skin becomes once more hard and horny, as though it had reverted to the raw, untanned state. Also known as tawed skin (Reed, pp.62-65).","Alum tawed calf","Alum-tawed calf skin","Alum tawed calf","surface stained","Cowley's alum-tawed calf","Alum tawed goat",,,,,,,,,,,,,,,,,,,,,,,,,,,,,,,,,,,,
"bvc:d08c472b-f2d1-4705-9595-72266f36cd70","parchment",,,"A translucent or opaque material most often made from calf, sheep, or goat skin which has been limed, dehaired, scraped, and dried under tension to produce a thin, strong, relatively stiff material for writing, bookbinding, or other uses. The term vellum should be used only of finer quality calf parchment, but the terms parchment and vellum have often been and still are confused and used interchangeably. Parchment should always be used for all skins prepared this way, especially for skins of animals that cannot be identified, but can be defined by the animal where this is known (e.g. goat parchment, calf parchment, etc.).",,"Calf repair parchment","Calf-skin repair parchment","Calf-skin parchment (endleaves)","Vellum",,,,,,,,,,,,,,,,,,,,,,,,,,,,,,,,,,,,,
"bvc:b7292acd-51ea-4e32-8c6b-897412eb1cc1","goldbeater's skin",,,"Prepared outside membrane of the large intestine of cattle used primarily to separate individual gold leaves during the final stages of preparing gold leaf. Occasionally used for the repair of skin artifacts and as the moisture-sensitive element in hygrometers.",,,,,,,,,,,,,,,,,,,,,,,,,,,,,,,,,,,,,,,,,,
"bvc:cb47a271-0578-4398-89a7-2f3fe80f7fd4","goatskin",,,"The skin of the goat which may be either tanned, tawed or turned into parchment.","goat",,,,,,,,,,,,,,,,,,,,,,,,,,,,,,,,,,,,,,,,,
"bvc:427ea2f9-a06e-4525-b26a-8b5d970b7336","calfskin",,,"The skin of the bovine calf which may be either tanned, tawed or turned into parchment. Skins of animals more than six months old could not be used as the covers of bindings as they would be too thick.","calf",,,,,,,,,,,,,,,,,,,,,,,,,,,,,,,,,,,,,,,,,
"bvc:b39a89c3-342b-4421-8031-ffa006987e1b","sheepskin",,,"The skin of the sheep which may be either tanned, tawed or turned into parchment. Sheepskins could be split into two layers and the thin grain split could be tanned and used as a covering for cheap books.",,,,,,,,,,,,,,,,,,,,,,,,,,,,,,,,,,,,,,,,,,
"bvc:84f729ee-24e3-49de-b136-442c7dcefcf0","fish swim bladder",,,"Prepared membrane of the swim bladder of fish, usually sturgeon. Used for the repair of parchment.",,,,,,,,,,,,,,,,,,,,,,,,,,,,,,,,,,,,,,,,,,
"bvc:5390cdd4-c0dd-4860-ab48-1430b6176881","linen",,,"General name for textile woven from the spun fiber of the flax plant.",,,,,,,,,,,,,,,,,,,,,,,,,,,,,,,,,,,,,,,,,,
"bvc:fdb65e92-c4fe-4f61-abb0-c5d9393b7302","cotton",,,"Textile made from cotton fiber.",,,,,,,,,,,,,,,,,,,,,,,,,,,,,,,,,,,,,,,,,,
"bvc:e635f656-e365-4be9-99f8-6ff3931dfd87","thread",,,"Single filaments of fiber, groups of such filaments twisted tightly together, or filamentous lengths formed by spinning and twisting short fibers into a continuous strand.","Sewing thread",,"Linen thread","Barbour 8 ply linen cord","Linen cord welt 8","10 cord lockstitch no 1","10/3 linen thread","Barbour linen 12/2 seaming thread","12/3 thread","12/3 cord","18/3 linen thread","18.3 linen thread","Tinted sewing thread 18.3","Barbour 18/3 linen thread","Barbour 18/5 linen thread","Barbour 20/3 linen thread","25/3 thread","25/3 sewing thread","Linen sewing thread 25","25/3 linen thread","25/3 unbleached","unwaxed linen thread","25/3 linen thread","indigo vat dyed","Thread 30/3","Sewing thread 30/3 linen","Linen thread 30/3","35/3 thread","35/3 linen thread","60/3 linen thread",,,,,,,,,,,,
"bvc:6e78c247-389f-4456-a44c-f6df9a5b4487","braid",,,"A narrow trimming made by a variety of techniques such as tablet weaving or braiding. It comes in a variety of fibers and weights, but is heavier than ribbon and flatter than cord.","Braid","Linen braid","1/4"" linen braid","Linen braid 13-13","1313 linen braid","Barbour 2613 linen braid","6329 linen braid",,,,,,,,,,,,,,,,,,,,,,,,,,,,,,,,,,,
"bvc:193388c6-d203-4bfa-be3b-d2838fdbc3e3","cord",,,"Long, slender, flexible, roughly cylindrical construction of fibrous material, usually made of several strands twisted together. Cord is typically made from a type of bast fiber such as cotton, jute, flax, ramie, hemp, sisal, olona, gravata, agel, widuri, caraguata, or others.","Cord 8-cord","8 cord supports","10 cord","10 cord supports","10 cord","linen CC sewing support cord","12 cord supports","Barbour 12 ply linen cord",,,,,,,,,,,,,,,,,,,,,,,,,,,,,,,,,,
"bvc:e71983fe-98bf-498a-9569-60a240c12aaf","tape",,,"Narrow strips of closely woven cloth across the back of a book to which the sections are sewn. Distinguished from ""thongs (binding components)"" which are narrow strips of rawhide or processed animal skin that served the same purpose early in the development of flexible sewing, and ""cords (binding components)"" which are twisted strands of fibrous material that replaced thongs by the latter part of the 16th century.","Linen tape","10 mm linen sewing tape",,,,,,,,,,,,,,,,,,,,,,,,,,,,,,,,,,,,,,,,
"bvc:b6f927f2-e003-46ec-8e33-342bfd7b2a25","aerocotton",,,"Woven cotton fabric used for the repair of books and manuscripts, from covering materials to spine linings. Since the 1980s the use of fabrics commonly referred to as ‘aerolinen’, ‘aerocotton’, or ‘airplane linen’ has become widespread. Originally employed in the manufacture of aircraft, it is their flexibility and strength, along with good fold endurance properties and tensile strength that have rendered them valuable to conservators. (Celia R. Bockmuehl, Nikki Tomkins, Johanne Keiding, Richard Critchley, Alan Peare & Debra J. Carr (2020) Woven Fabrics in Book Conservation: An Investigation into the Properties of Aerolinen and Aerocotton, Studies in Conservation, 65:7, 375-387, DOI: 10.1080/00393630.2019.1672442)","aero cotton","Aero-cotton","Aerocotton dyed","Dyed Aero-cotton","Aerocotton undyed","Washed aerocotton",,,,,,,,,,,,,,,,,,,,,,,,,,,,,,,,,,,,
"bvc:685d4124-9913-4de1-832d-867852e85145","aerolinen",,,"Woven linen fabric used for the repair of books and manuscripts, from covering materials to spine linings. Since the 1980s the use of fabrics commonly referred to as ‘aerolinen’, ‘aerocotton’, or ‘airplane linen’ has become widespread. Originally employed in the manufacture of aircraft, it is their flexibility and strength, along with good fold endurance properties and tensile strength that have rendered them valuable to conservators. (Celia R. Bockmuehl, Nikki Tomkins, Johanne Keiding, Richard Critchley, Alan Peare & Debra J. Carr (2020) Woven Fabrics in Book Conservation: An Investigation into the Properties of Aerolinen and Aerocotton, Studies in Conservation, 65:7, 375-387, DOI: 10.1080/00393630.2019.1672442)","Linen","Natural linen","Aero-linen","Aero linen","Aerolinen","Aero linen lined with Jap tissue","Toned aerolinen reinforced with Kraft paper (Douce and Red)","Washed aerolinen",,,,,,,,,,,,,,,,,,,,,,,,,,,,,,,,,,
"bvc:b447b377-8518-4cdf-9fc8-f629fd7900ed","bleached beeswax",,,"Beeswax, usually dark in color, that is treated by exposure to light and air or with chemicals to remove the color. For beeswax not treated for color uniformity, use ""unbleached beeswax.""","beeswax",,,,,,,,,,,,,,,,,,,,,,,,,,,,,,,,,,,,,,,,,
"bvc:acec4b5d-c907-4904-b38e-05159614e52b","unbleached beeswax",,,"Untreated natural beeswax, which is made by bees as a by-product of honey production. For beeswax treated to remove color, use ""bleached beeswax.""","unbleached bees wax",,,,,,,,,,,,,,,,,,,,,,,,,,,,,,,,,,,,,,,,,
"bvc:c24190fe-29dc-45e1-abd4-c2bd08cf15db","leather dressing",,,"Substances or mixtures applied to leather generally to clean, preserve, or maintain its strength and flexibility.",,"Bodleian leather dressing",,,,,,,,,,,,,,,,,,,,,,,,,,,,,,,,,,,,,,,,
"bvc:93a9db1a-bb8a-41c8-a876-804d09fe0037","SC6000 wax emulsion",,,"SC6000 is a blend of waxes and an acrylic resin emulsified in aqueous isopropyl alcohol. It was originally developed as a surface coating for commercial shoe leathers. Its use as part of a system for treating bookbinding leathers was first proposed in the early 1980s. Since then it has been used widely by leather and book conservators and bookdbinders. Further work was carried out in 2001 comparing this product with other materials used as surface coating in the leather manufacturing industry. Supplied by the Leather Conservation Centre, Grosvenor Chambers, Grosvenor Centre, Union Street, NN1 2EW, UK. https://www.leatherconservation.org/products/sc6000/","SC6000","SC6000 acrylic polymer and wax emulsion","SC6000 acrylic polymer","wax emulsion",,,,,,,,,,,,,,,,,,,,,,,,,,,,,,,,,,,,,,
"bvc:ec9a5fc5-346f-4f31-850e-4cc0779b4585","Renaissance micro-crystalline wax",,,"[Picreator Renaissance Products] A brand name for a Microcrystalline wax polish. Renaissance wax is composed of a mixture of Cosmolloid 80 hard and BASF A waxes. It has been used to clean and polish Wood, metals, ceramics, Ivory, Marble, and Leather.",,,,,,,,,,,,,,,,,,,,,,,,,,,,,,,,,,,,,,,,,,
"bvc:3561bfe2-9039-4688-b3c3-4194c251462a","IMS",,,"Ethyl alcohol which has been rendered unfit for drinking; used as a diluent and cleaner.",,"industrial methalated spirits",,,,,,,,,,,,,,,,,,,,,,,,,,,,,,,,,,,,,,,,
"bvc:2e1bd3e5-67e3-4f44-a688-fa27a36d0eb4","isopropanol",,,"Common liquid secondary alcohol, and the first commercial synthetic alcohol. Synthesized by the hydration of propylene. Frequently used as an antiseptic, and in cosmetics. In industry it is used as a solvent and to produce acetone.",,"propan-2-ol",,,,,,,,,,,,,,,,,,,,,,,,,,,,,,,,,,,,,,,,
"bvc:60727247-aad1-4d5b-a39f-300270fc1aa8","deionised water",,,"Water from which dissolved ions have been removed by passing the water through cationic and anionic ion exchange.","water","deionised water",,,,,,,,,,,,,,,,,,,,,,,,,,,,,,,,,,,,,,,,
"bvc:76775571-e1e8-4e95-9dfd-eb18dbfedb6c","water",,,"A liquid made up of molecules of hydrogen and oxygen (HO2). When pure, it is colorless, tasteless, and odorless. It exists in gaseous, liquid, and solid forms; it is liquid at room temperature. It is the liquid of which seas, lakes, and rivers are composed, and which falls as rain. Water is one of the most plentiful and essential of compounds. It is vital to life, participating in virtually every process that occurs in plants and animals. One of its most important properties is its ability to dissolve many other substances. The versatility of water as a solvent is essential to living organisms. The term ""water"" is typically used to refer to the liquid form of this compound; for the solid or gaseous forms, use ""ice"" or ""water vapor.""","water","RO water","H2O","deionised water",,,,,,,,,,,,,,,,,,,,,,,,,,,,,,,,,,,,,,
"bvc:eadf02f8-7d69-4575-a951-74eae08af558","RO water",,,"Movement of molecules of a liquid through a semipermeable membrane from a region of high solute concentration into a less concentrated field; a reversal of normal flow that occurs when hydrostatic pressure exceeds the osmotic pressure.",,,,,,,,,,,,,,,,,,,,,,,,,,,,,,,,,,,,,,,,,,
"bvc:d4502ee1-a560-49b3-a55f-8ce9e78f483a","buffered water",,,"Refers to the use of a buffering agent to stabilize acidity or alkalinity. In the context of conservation, this action is often applied to prevent damage due to acidity.",,,,,,,,,,,,,,,,,,,,,,,,,,,,,,,,,,,,,,,,,,
"bvc:e588163d-e3a4-4df2-8a81-adb38410f43e","Fol.",,,,,,,,,,,,,,,,,,,,,,,,,,,,,,,,,,,,,,,,,,,,,
"bvc:6cc31ada-4e16-48d1-865e-1d7a6dc0df5d","4to",,,,,,,,,,,,,,,,,,,,,,,,,,,,,,,,,,,,,,,,,,,,,
"bvc:4af97614-9c76-496d-81fa-6832c3019dc5","8vo",,,,,,,,,,,,,,,,,,,,,,,,,,,,,,,,,,,,,,,,,,,,,
"bvc:c2bbb2fb-6586-4465-82a8-ad56c4a356f5","12mo",,,,,,,,,,,,,,,,,,,,,,,,,,,,,,,,,,,,,,,,,,,,,
"bvc:9157fea1-4023-47f0-b6c5-792ab7b10ba8","16mo",,,,,,,,,,,,,,,,,,,,,,,,,,,,,,,,,,,,,,,,,,,,,
"bvc:7af080c9-9e32-4382-82d8-9187ca7aad7e","32mo",,,,,,,,,,,,,,,,,,,,,,,,,,,,,,,,,,,,,,,,,,,,,
"bvc:fb5722fe-11bf-48db-ab7f-9b00b0b76385","64mo",,,,,,,,,,,,,,,,,,,,,,,,,,,,,,,,,,,,,,,,,,,,,
"bvc:7456dbc2-2790-4411-92bd-bcad2a9eab53","mm",,,,,,,,,,,,,,,,,,,,,,,,,,,,,,,,,,,,,,,,,,,,,
"bvc:7a6e7a4a-2a5a-4c0f-b989-07b4a2a447db","pasteboard",,,,,,,,,,,,,,,,,,,,,,,,,,,,,,,,,,,,,,,,,,,,,
"bvc:e90b1e4c-3143-476c-856e-5c337d41695b","laminated",,,,,,,,,,,,,,,,,,,,,,,,,,,,,,,,,,,,,,,,,,,,,
"bvc:06033130-5500-40e3-aba7-9d3d0fd0a862","slip lacing",,,,,,,,,,,,,,,,,,,,,,,,,,,,,,,,,,,,,,,,,,,,,
"bvc:f0e4c8e2-019b-4d59-a680-2d723e0f80f5","strap-type sewing supports",,,,,,,,,,,,,,,,,,,,,,,,,,,,,,,,,,,,,,,,,,,,,
"bvc:869351d4-e59a-46e1-9dd3-0bbeb926d739","split-strap",,,,,,,,,,,,,,,,,,,,,,,,,,,,,,,,,,,,,,,,,,,,,
"bvc:864829d6-1be6-4b6a-8906-f3787e31abcb","twisted",,,,,,,,,,,,,,,,,,,,,,,,,,,,,,,,,,,,,,,,,,,,,
"bvc:1414cf88-27ad-4a6a-82c0-ddcc14e2ae60","thongs",,,,,,,,,,,,,,,,,,,,,,,,,,,,,,,,,,,,,,,,,,,,,
"bvc:da013eb9-17ad-4d9f-a76f-a5498a09e444","raised",,,,,,,,,,,,,,,,,,,,,,,,,,,,,,,,,,,,,,,,,,,,,
"bvc:e968e700-5654-42a5-9cfc-1a809d7a4486","recessed",,,,,,,,,,,,,,,,,,,,,,,,,,,,,,,,,,,,,,,,,,,,,
"bvc:22b67f8f-1930-4d03-8917-d397e18328be","sawn-in",,,,,,,,,,,,,,,,,,,,,,,,,,,,,,,,,,,,,,,,,,,,,
"bvc:2010e2ab-53ab-4165-b577-dc0373b45a1a","single",,,,,,,,,,,,,,,,,,,,,,,,,,,,,,,,,,,,,,,,,,,,,
"bvc:deae0818-e7a4-4d0f-8d97-f088f038493a","double",,,,,,,,,,,,,,,,,,,,,,,,,,,,,,,,,,,,,,,,,,,,,
"bvc:0bbad2a9-0298-422d-b0ae-24f1ea922606","knifeCut",,,,,,,,,,,,,,,,,,,,,,,,,,,,,,,,,,,,,,,,,,,,,
"bvc:28829c4c-8128-4582-aeea-0814efbcb09e","all-along",,,,,,,,,,,,,,,,,,,,,,,,,,,,,,,,,,,,,,,,,,,,,
"bvc:13c13819-e75a-45b5-8434-8458512b1cdb","two-on",,,,,,,,,,,,,,,,,,,,,,,,,,,,,,,,,,,,,,,,,,,,,
"bvc:ccf0d6c1-6918-4226-9c99-1e4ce9260dd5","'herring bone'",,,,,,,,,,,,,,,,,,,,,,,,,,,,,,,,,,,,,,,,,,,,,
"bvc:c3e46dd1-622e-4a12-8fba-ee3cba6d9d65","trimmed",,,,,,,,,,,,,,,,,,,,,,,,,,,,,,,,,,,,,,,,,,,,,
"bvc:984501a0-7dcc-48a4-9cf9-e36bd3320fd1","cut",,,,,,,,,,,,,,,,,,,,,,,,,,,,,,,,,,,,,,,,,,,,,
"bvc:26c43c1f-6857-47d3-857c-ae3667e84796","tooling",,,,,,,,,,,,,,,,,,,,,,,,,,,,,,,,,,,,,,,,,,,,,
"bvc:faa498dc-add3-469e-910f-634b319b4d6d","blind tooling",,,,,,,,,,,,,,,,,,,,,,,,,,,,,,,,,,,,,,,,,,,,,
"bvc:ba60d6d3-2fb0-4eec-a24a-2b2c866aa274","gold tooling",,,,,,,,,,,,,,,,,,,,,,,,,,,,,,,,,,,,,,,,,,,,,
"bvc:d36b73f6-c7fc-4d10-b11c-efe90fef4953","panel",,,,,,,,,,,,,,,,,,,,,,,,,,,,,,,,,,,,,,,,,,,,,
"bvc:dce32667-9af1-4b74-ac01-e9e0b5eb6286","tube hollow",,,,,,,,,,,,,,,,,,,,,,,,,,,,,,,,,,,,,,,,,,,,,
"bvc:4eb03cdf-beb2-4785-a819-515bc3b000fe","slight round",,,,,,,,,,,,,,,,,,,,,,,,,,,,,,,,,,,,,,,,,,,,,
"bvc:7453ba43-c80f-403e-9373-c5b4077ac729","flat",,,,,,,,,,,,,,,,,,,,,,,,,,,,,,,,,,,,,,,,,,,,,
"bvc:5468b31e-b76c-4709-bb23-96c933395e21","round",,,,,,,,,,,,,,,,,,,,,,,,,,,,,,,,,,,,,,,,,,,,,
"bvc:d5c118cc-708b-417b-b852-184e1b8b056b","slight",,,,,,,,,,,,,,,,,,,,,,,,,,,,,,,,,,,,,,,,,,,,,
"bvc:0b53aea3-e769-4d0c-8f08-2f17a993f0c8","hollowBack",,,,,,,,,,,,,,,,,,,,,,,,,,,,,,,,,,,,,,,,,,,,,
"bvc:978e5e4d-4c2e-4e5d-89b8-9f4befb3a71c","tightBack",,,,,,,,,,,,,,,,,,,,,,,,,,,,,,,,,,,,,,,,,,,,,
"bvc:1a58ee51-0425-4b3b-a5fe-6a0033125226","case",,,,,,,,,,,,,,,,,,,,,,,,,,,,,,,,,,,,,,,,,,,,,
"bvc:d8a61259-f336-4b0f-be46-d1f978da4615","in board",,,,,,,,,,,,,,,,,,,,,,,,,,,,,,,,,,,,,,,,,,,,,
"bvc:71531e9b-e28c-4be9-b83d-d0958a9c3199","full",,,,,,,,,,,,,,,,,,,,,,,,,,,,,,,,,,,,,,,,,,,,,
"bvc:05e79462-cf4f-4c1c-b06b-204748b38718","half",,,,,,,,,,,,,,,,,,,,,,,,,,,,,,,,,,,,,,,,,,,,,
"bvc:ef52f538-ab6c-46ed-b181-f24008e82165","quarter binding",,,,,,,,,,,,,,,,,,,,,,,,,,,,,,,,,,,,,,,,,,,,,
"bvc:645c3a83-f5b9-4948-a267-d76ddf8b58e0","corner plates",,,,,,,,,,,,,,,,,,,,,,,,,,,,,,,,,,,,,,,,,,,,,
"bvc:1640aca4-3b14-4ee6-9e2f-f5cf6fc10327","bosses",,,,,,,,,,,,,,,,,,,,,,,,,,,,,,,,,,,,,,,,,,,,,
"bvc:5afc169f-1ae3-498b-8863-ddface765252","nails",,,,,,,,,,,,,,,,,,,,,,,,,,,,,,,,,,,,,,,,,,,,,
"bvc:2cad0d96-ed4d-41c8-9ead-0c95961149bb","straps",,,,,,,,,,,,,,,,,,,,,,,,,,,,,,,,,,,,,,,,,,,,,
"bvc:36a06812-89f3-4d36-833a-6fcc987994e3","clasps",,,,,,,,,,,,,,,,,,,,,,,,,,,,,,,,,,,,,,,,,,,,,
"bvc:90e9f758-b536-481e-8730-6dd2e1ceaecc","catchplates",,,,,,,,,,,,,,,,,,,,,,,,,,,,,,,,,,,,,,,,,,,,,
"bvc:9a703d4c-c8c5-479a-8e08-e62d38996a9d","phase box",,,,,,,,,,,,,,,,,,,,,,,,,,,,,,,,,,,,,,,,,,,,,
"bvc:568b616c-0fb8-40e2-81f5-06094189f4a1","kase-make box",,,,,,,,,,,,,,,,,,,,,,,,,,,,,,,,,,,,,,,,,,,,,
"bvc:466cc72a-55c0-4a55-a4e9-3299b755e2c2","sound",,,,,,,,,,,,,,,,,,,,,,,,,,,,,,,,,,,,,,,,,,,,,
"bvc:3901dfc4-a75e-493c-a0f3-ebbcd495906e","attached",,,,,,,,,,,,,,,,,,,,,,,,,,,,,,,,,,,,,,,,,,,,,
"bvc:40c7f851-16d6-44ce-bf3b-383055f9edcd","good",,,,,,,,,,,,,,,,,,,,,,,,,,,,,,,,,,,,,,,,,,,,,
"bvc:43f58278-7b51-46e0-8a5f-40821e778bb9","intact",,,,,,,,,,,,,,,,,,,,,,,,,,,,,,,,,,,,,,,,,,,,,
"bvc:75aeb1b1-58ad-4f70-8259-fe6208579b84","firm",,,,,,,,,,,,,,,,,,,,,,,,,,,,,,,,,,,,,,,,,,,,,
"bvc:3153f6ad-e7ff-42ff-969f-1a6e071de26b","weak",,,,,,,,,,,,,,,,,,,,,,,,,,,,,,,,,,,,,,,,,,,,,
"bvc:71a9197e-3aa2-464d-a571-8408b7d96c5e","loose",,,,,,,,,,,,,,,,,,,,,,,,,,,,,,,,,,,,,,,,,,,,,
"bvc:3427c7db-bf50-466d-8667-74a5f1e7e1ca","brittle",,,,,,,,,,,,,,,,,,,,,,,,,,,,,,,,,,,,,,,,,,,,,
"bvc:83313d5d-2dbf-4ad7-8c0a-fc557d89129b","fragile",,,,,,,,,,,,,,,,,,,,,,,,,,,,,,,,,,,,,,,,,,,,,
"bvc:b8a51390-72f9-46cc-9c06-55b8955a50bb","worn",,,,,,,,,,,,,,,,,,,,,,,,,,,,,,,,,,,,,,,,,,,,,
"bvc:f96a0c99-d68c-4f43-8e14-beda4c05f35b","friable",,,,,,,,,,,,,,,,,,,,,,,,,,,,,,,,,,,,,,,,,,,,,
"bvc:9c7223c4-8f85-49cb-9f6b-62ddb58416ac","tearing",,,,,,,,,,,,,,,,,,,,,,,,,,,,,,,,,,,,,,,,,,,,,
"bvc:a624bc55-cea8-473a-a960-83529bf436aa","creasing",,,,,,,,,,,,,,,,,,,,,,,,,,,,,,,,,,,,,,,,,,,,,
"bvc:569b76e1-aa35-4f51-8b01-63089fc4f317","damaged",,,,,,,,,,,,,,,,,,,,,,,,,,,,,,,,,,,,,,,,,,,,,
"bvc:fa9721fb-8bd0-47a5-9902-91422dce07f7","dry",,,,,,,,,,,,,,,,,,,,,,,,,,,,,,,,,,,,,,,,,,,,,
"bvc:a6672756-aa97-487a-a7ef-4e31f1d9209b","scuffed",,,,,,,,,,,,,,,,,,,,,,,,,,,,,,,,,,,,,,,,,,,,,
"bvc:d8697bc2-702d-442e-946c-212a45bf5616","foxing",,,,,,,,,,,,,,,,,,,,,,,,,,,,,,,,,,,,,,,,,,,,,
"bvc:94c6653d-fc73-41ee-835b-dcc7890c4a65","staining",,,,,,,,,,,,,,,,,,,,,,,,,,,,,,,,,,,,,,,,,,,,,
"bvc:8f7a0bef-7c29-4c2e-8136-188011255f06","discoloration",,,,,,,,,,,,,,,,,,,,,,,,,,,,,,,,,,,,,,,,,,,,,
"bvc:d0d15650-9778-47fa-9707-672dbaf9e3e6","degraded",,,,,,,,,,,,,,,,,,,,,,,,,,,,,,,,,,,,,,,,,,,,,
"bvc:b4e3fcad-ab72-4e33-b367-bb742447b1a3","pitted",,,,,,,,,,,,,,,,,,,,,,,,,,,,,,,,,,,,,,,,,,,,,
"bvc:21a43de8-0e08-4993-838f-b463af1a100a","cockling",,,,,,,,,,,,,,,,,,,,,,,,,,,,,,,,,,,,,,,,,,,,,
"bvc:f9c0576e-f96f-4272-a5a3-01f676961a96","distortion",,,,,,,,,,,,,,,,,,,,,,,,,,,,,,,,,,,,,,,,,,,,,
"bvc:4962a27c-77d9-44aa-ab17-dc56fdbecfd4","tattered",,,,,,,,,,,,,,,,,,,,,,,,,,,,,,,,,,,,,,,,,,,,,
"bvc:25b06a26-762d-4f7e-b423-9f4451e0c333","lifted",,,,,,,,,,,,,,,,,,,,,,,,,,,,,,,,,,,,,,,,,,,,,
"bvc:f5de2c1f-889c-4cc6-82f5-d9fb7c3c1524","yellowing",,,,,,,,,,,,,,,,,,,,,,,,,,,,,,,,,,,,,,,,,,,,,
"bvc:6567d1c1-380f-4766-9ff5-e42efe699d55","rigid",,,,,,,,,,,,,,,,,,,,,,,,,,,,,,,,,,,,,,,,,,,,,
"bvc:559f915e-9321-4d32-a5b8-ba894ec5664e","tight",,,,,,,,,,,,,,,,,,,,,,,,,,,,,,,,,,,,,,,,,,,,,
"bvc:7930e2f9-75ec-43c3-9cb6-448891c75704","unravelling",,,,,,,,,,,,,,,,,,,,,,,,,,,,,,,,,,,,,,,,,,,,,
"bvc:99c2f9fa-a701-45c3-9b5c-3e6cb4cd8e33","decayed",,,,,,,,,,,,,,,,,,,,,,,,,,,,,,,,,,,,,,,,,,,,,
"bvc:20ed8670-b57e-4e56-9e9c-2eb951d0c416","soft",,,,,,,,,,,,,,,,,,,,,,,,,,,,,,,,,,,,,,,,,,,,,
"bvc:03f12b06-a225-4293-b70a-65444b17f172","cracked",,,,,,,,,,,,,,,,,,,,,,,,,,,,,,,,,,,,,,,,,,,,,
"bvc:c3ee8c98-fd64-49d3-be68-def81e089bc7","powdery",,,,,,,,,,,,,,,,,,,,,,,,,,,,,,,,,,,,,,,,,,,,,
"bvc:f0c3fbe3-ed2e-4668-a253-d8b272d0f828","pleating",,,,,,,,,,,,,,,,,,,,,,,,,,,,,,,,,,,,,,,,,,,,,
"bvc:5c3989c9-147f-49c8-b0d8-f304363c7ebf","bowing",,,,,,,,,,,,,,,,,,,,,,,,,,,,,,,,,,,,,,,,,,,,,
"bvc:6db1e446-9cae-4615-b5e9-a79a4f4ce9df","broken",,,,,,,,,,,,,,,,,,,,,,,,,,,,,,,,,,,,,,,,,,,,,
"bvc:9759643a-d9d3-4cd8-a66f-18a24107f7c2","fragmentary",,,,,,,,,,,,,,,,,,,,,,,,,,,,,,,,,,,,,,,,,,,,,
"bvc:e9e57eb2-5ac2-4506-90a5-b13b160aeb85","detached",,,,,,,,,,,,,,,,,,,,,,,,,,,,,,,,,,,,,,,,,,,,,
"bvc:18746829-c696-4563-825c-4fbbb00f8601","losses",,,,,,,,,,,,,,,,,,,,,,,,,,,,,,,,,,,,,,,,,,,,,
"bvc:bd4067c5-8fb0-437e-b1e2-6e41a16d42cd","splitting",,,,,,,,,,,,,,,,,,,,,,,,,,,,,,,,,,,,,,,,,,,,,
"bvc:f401b59f-79f6-4316-bd75-998c5137deaa","missing",,,,,,,,,,,,,,,,,,,,,,,,,,,,,,,,,,,,,,,,,,,,,
"bvc:cb554472-1c75-4e0d-b4f2-09c473961cc4","lost",,,,,,,,,,,,,,,,,,,,,,,,,,,,,,,,,,,,,,,,,,,,,
"bvc:ab709bf9-f6e0-455e-a4cf-e9c2d28ba994","rebacked",,,,,,,,,,,,,,,,,,,,,,,,,,,,,,,,,,,,,,,,,,,,,
"bvc:8f47d345-d392-4eef-9b64-9f332d81faa1","repaired",,,,,,,,,,,,,,,,,,,,,,,,,,,,,,,,,,,,,,,,,,,,,
"bvc:42849bc0-ea2f-4aca-aa6b-eb876733e62f","rehitched",,,,,,,,,,,,,,,,,,,,,,,,,,,,,,,,,,,,,,,,,,,,,
"bvc:3a266169-d6fc-4d12-a450-96ff44182c18","insect damage",,,,,,,,,,,,,,,,,,,,,,,,,,,,,,,,,,,,,,,,,,,,,
"bvc:a79ca506-76a3-45a2-87c5-c97c27c0d9ef","water damage",,,,,,,,,,,,,,,,,,,,,,,,,,,,,,,,,,,,,,,,,,,,,
"bvc:a0ef3c5b-0212-4315-bd9b-eb23f20f515b","acidic ink damage",,,,,,,,,,,,,,,,,,,,,,,,,,,,,,,,,,,,,,,,,,,,,
"bvc:d678046b-cfb7-43d3-97d4-c9ca9aff7726","severe",,,,,,,,,,,,,,,,,,,,,,,,,,,,,,,,,,,,,,,,,,,,,
"bvc:b206fba5-7065-4c85-b381-838471069fea","partially",,,,,,,,,,,,,,,,,,,,,,,,,,,,,,,,,,,,,,,,,,,,,
"bvc:4f3d01a3-43e4-4a10-b2b9-36dfe832ee89","minor",,,,,,,,,,,,,,,,,,,,,,,,,,,,,,,,,,,,,,,,,,,,,
"bvc:4580c550-2663-4b8e-9eb6-bfd0c7242790","head",,,,,,,,,,,,,,,,,,,,,,,,,,,,,,,,,,,,,,,,,,,,,
"bvc:6328164f-98e0-4fe2-b027-957a0cb087c3","tail",,,,,,,,,,,,,,,,,,,,,,,,,,,,,,,,,,,,,,,,,,,,,
"bvc:4d7fa7c2-46cd-4d4d-b51e-0b4fb551afae","fore-edge",,,,,,,,,,,,,,,,,,,,,,,,,,,,,,,,,,,,,,,,,,,,,
"bvc:0ecc3e31-66bd-489c-96ae-fe9523729275","corners",,,,,,,,,,,,,,,,,,,,,,,,,,,,,,,,,,,,,,,,,,,,,
"bvc:a1c23f7c-1319-4340-b8a2-881da7a3a2c2","borders",,,,,,,,,,,,,,,,,,,,,,,,,,,,,,,,,,,,,,,,,,,,,
"bvc:9999c9bb-ab2c-48a7-8229-5cf7964b908c","fleshside",,,,,,,,,,,,,,,,,,,,,,,,,,,,,,,,,,,,,,,,,,,,,
"bvc:46e87140-1d9a-4356-84b3-77705b4eb246","hairside",,,,,,,,,,,,,,,,,,,,,,,,,,,,,,,,,,,,,,,,,,,,,
"bvc:98a5d04c-c5de-4bc5-916f-96495a4d03ad","joints",,,,,,,,,,,,,,,,,,,,,,,,,,,,,,,,,,,,,,,,,,,,,
"bvc:3226a532-01ba-40a9-bb76-bc952e3ff76e","inner joints",,,,,,,,,,,,,,,,,,,,,,,,,,,,,,,,,,,,,,,,,,,,,
"bvc:5af94f0f-d3ea-4405-8814-a8fdb79cb144","outer joints",,,,,,,,,,,,,,,,,,,,,,,,,,,,,,,,,,,,,,,,,,,,,
"bvc:543cc45e-c8b4-4a45-b7f3-8bdbeeafbb2c","upper",,,,,,,,,,,,,,,,,,,,,,,,,,,,,,,,,,,,,,,,,,,,,
"bvc:66080d12-89e2-4937-bf08-cc9dcc038380","lower",,,,,,,,,,,,,,,,,,,,,,,,,,,,,,,,,,,,,,,,,,,,,
"bvc:d2766b84-8850-4847-b762-75b56d5330a2","outer",,,,,,,,,,,,,,,,,,,,,,,,,,,,,,,,,,,,,,,,,,,,,
"bvc:db0e9430-a66e-49c5-b5c2-2a99f18a742f","inner",,,,,,,,,,,,,,,,,,,,,,,,,,,,,,,,,,,,,,,,,,,,,
"bvc:ef529fe4-9fb8-46c2-8130-42fa71607f15","sides",,,,,,,,,,,,,,,,,,,,,,,,,,,,,,,,,,,,,,,,,,,,,
"bvc:7af9029c-12c0-417a-97c6-2be51ae94ded","spine",,,,,,,,,,,,,,,,,,,,,,,,,,,,,,,,,,,,,,,,,,,,,
"bvc:be802dad-1287-4a47-b871-cc19518e8626","squares",,,,,,,,,,,,,,,,,,,,,,,,,,,,,,,,,,,,,,,,,,,,,
"bvc:4049c587-88f9-4db1-907f-567938445322","outside",,,,,,,,,,,,,,,,,,,,,,,,,,,,,,,,,,,,,,,,,,,,,
"bvc:25dd9326-c5c2-47ec-ae33-ab0a9965637c","inside",,,,,,,,,,,,,,,,,,,,,,,,,,,,,,,,,,,,,,,,,,,,,
"bvc:e48a1308-9ed3-4ece-a1af-eb6f3de306e6","edges",,,,,,,,,,,,,,,,,,,,,,,,,,,,,,,,,,,,,,,,,,,,,
"bvc:68aaf302-edfe-4f76-9454-c637ad07f969","sewing stations",,,,,,,,,,,,,,,,,,,,,,,,,,,,,,,,,,,,,,,,,,,,,
"bvc:e5647f01-0348-4d08-afc9-947b8cb680c6","sewing supports",,,,,,,,,,,,,,,,,,,,,,,,,,,,,,,,,,,,,,,,,,,,,
"bvc:c308ec27-5735-47f1-83fc-971f554fc0e5","change-over stations",,,,,,,,,,,,,,,,,,,,,,,,,,,,,,,,,,,,,,,,,,,,,
"bvc:98b039df-6fa1-432b-bac3-5157bda02b39","turn-in",,,,,,,,,,,,,,,,,,,,,,,,,,,,,,,,,,,,,,,,,,,,,
"bvc:166cb83a-7b02-4956-a267-dfb140a4bf26","slot (board slotting)",,,,,,,,,,,,,,,,,,,,,,,,,,,,,,,,,,,,,,,,,,,,,
"bvc:5992bd4b-d2e2-4825-a5ee-a4c660806389","first few leaves",,,,,,,,,,,,,,,,,,,,,,,,,,,,,,,,,,,,,,,,,,,,,
"bvc:d7f8a463-6f8b-4f90-8029-24820f128de2","last few leaves",,,,,,,,,,,,,,,,,,,,,,,,,,,,,,,,,,,,,,,,,,,,,
"bvc:47f578d1-b3aa-4449-a5f2-4e4d2088c1cd","boards",,,,,,,,,,,,,,,,,,,,,,,,,,,,,,,,,,,,,,,,,,,,,
"bvc:1db1bb46-f258-42a9-b579-899f8c12ee55","around",,,,,,,,,,,,,,,,,,,,,,,,,,,,,,,,,,,,,,,,,,,,,
"bvc:949bb571-e738-40d8-854b-ca2e3e5e229b","spine panels",,,,,,,,,,,,,,,,,,,,,,,,,,,,,,,,,,,,,,,,,,,,,
"bvc:d325261e-7f58-48fe-bc22-330923f3a69e","shoulder",,,,,,,,,,,,,,,,,,,,,,,,,,,,,,,,,,,,,,,,,,,,,
"bvc:270e99b3-fdd1-49a0-98f1-a15f9684d12f","centre",,,,,,,,,,,,,,,,,,,,,,,,,,,,,,,,,,,,,,,,,,,,,
"bvc:098832af-cc82-40e8-96ce-153f1d1264d2","tie-downs",,,,,,,,,,,,,,,,,,,,,,,,,,,,,,,,,,,,,,,,,,,,,
"bvc:ff9d129c-e1d2-49a0-9ab1-7d02ea0ac106","endbands",,,,,,,,,,,,,,,,,,,,,,,,,,,,,,,,,,,,,,,,,,,,,
"bvc:a51026bd-4e05-4b52-927a-7b69a4407ea5","middle",,,,,,,,,,,,,,,,,,,,,,,,,,,,,,,,,,,,,,,,,,,,,
"bvc:574cbdef-7ffa-4864-b879-bfbe7410c9d7","spine label",,,,,,,,,,,,,,,,,,,,,,,,,,,,,,,,,,,,,,,,,,,,,
"bvc:b857ebf5-2258-4759-a87c-4942f6e05b4a","spine fold",,,,,,,,,,,,,,,,,,,,,,,,,,,,,,,,,,,,,,,,,,,,,
"bvc:2012c0b0-1ce1-4afb-9c1f-8ad633a51021","endleaves",,,,,,,,,,,,,,,,,,,,,,,,,,,,,,,,,,,,,,,,,,,,,
"bvc:e58d1f86-24b5-43df-9fad-0a65c4fbbc96","caps",,,,,,,,,,,,,,,,,,,,,,,,,,,,,,,,,,,,,,,,,,,,,
"bvc:24f97f0d-2d23-4b9b-afbc-e9523175c184","verso",,,,,,,,,,,,,,,,,,,,,,,,,,,,,,,,,,,,,,,,,,,,,
"bvc:66848da0-f06d-410a-b337-e4694dcde436","recto",,,,,,,,,,,,,,,,,,,,,,,,,,,,,,,,,,,,,,,,,,,,,
"bvc:5c76edb8-c926-4906-9e49-ddceabc1a945","entry holes",,,,,,,,,,,,,,,,,,,,,,,,,,,,,,,,,,,,,,,,,,,,,
"bvc:2137ed58-7bbf-4dd9-b0d6-45f000cd53d1","bands",,,,,,,,,,,,,,,,,,,,,,,,,,,,,,,,,,,,,,,,,,,,,
"bvc:aa91a4e1-d589-431b-bfd0-26630a991a15","kettles",,,,,,,,,,,,,,,,,,,,,,,,,,,,,,,,,,,,,,,,,,,,,
"bvc:96da43f3-8f71-4bb5-a72d-61fdad74c357","cracks",,,,,,,,,,,,,,,,,,,,,,,,,,,,,,,,,,,,,,,,,,,,,
"bvc:6050089b-1191-4d4c-af0c-c1c4cfb6a439","pleats",,,,,,,,,,,,,,,,,,,,,,,,,,,,,,,,,,,,,,,,,,,,,
"bvc:06d79595-7be0-4ecf-8574-23503c02ac9f","first few quires",,,,,,,,,,,,,,,,,,,,,,,,,,,,,,,,,,,,,,,,,,,,,
"bvc:2a1eb36f-5c06-4eab-9e02-59400112993b","last few quires",,,,,,,,,,,,,,,,,,,,,,,,,,,,,,,,,,,,,,,,,,,,,
"bvc:41364e21-fe25-412f-b90a-5dc7a9b25962","paper",,,,,,,,,,,,,,,,,,,,,,,,,,,,,,,,,,,,,,,,,,,,,
"bvc:0f4cb52f-5d60-4dc2-a1a3-12713ad44951","cloth",,,,,,,,,,,,,,,,,,,,,,,,,,,,,,,,,,,,,,,,,,,,,
"bvc:9d4a0044-52b3-4090-87c4-daceef6b16c0","cord",,,,,,,,,,,,,,,,,,,,,,,,,,,,,,,,,,,,,,,,,,,,,
"bvc:40137aae-f3c1-4d92-a4fd-3ea7712d5c32","wood",,,,,,,,,,,,,,,,,,,,,,,,,,,,,,,,,,,,,,,,,,,,,
"bvc:4be59f87-fdeb-4424-af8d-81a92cf47bde","mull",,,,,,,,,,,,,,,,,,,,,,,,,,,,,,,,,,,,,,,,,,,,,
"bvc:88a53cfd-5102-4db2-9118-e3b792bce6fe","glue",,,,,,,,,,,,,,,,,,,,,,,,,,,,,,,,,,,,,,,,,,,,,
"bvc:1888fa9e-2aac-47be-9fc4-8e49dba0bf1a","gelatine",,,,,,,,,,,,,,,,,,,,,,,,,,,,,,,,,,,,,,,,,,,,,
"bvc:77f4e34a-635b-4f5c-a104-87fb6f7d8226","adhesive",,,,,,,,,,,,,,,,,,,,,,,,,,,,,,,,,,,,,,,,,,,,,
"bvc:eb03e2e1-248c-41e1-b7b7-10394a682d06","aluminium alkoxide",,,,,,,,,,,,,,,,,,,,,,,,,,,,,,,,,,,,,,,,,,,,,
"bvc:3d0357fe-3da9-45eb-a61f-16c0d4567270","magnesium bicarbonate",,,,,,,,,,,,,,,,,,,,,,,,,,,,,,,,,,,,,,,,,,,,,
"bvc:edf012af-4caf-4312-b21e-ff78a8797a95","methyl magnesium carbonate",,,,,,,,,,,,,,,,,,,,,,,,,,,,,,,,,,,,,,,,,,,,,
"bvc:2d0b5000-0a2f-491c-ad6e-671a4760f676","mill board",,,,,,,,,,,,,,,,,,,,,,,,,,,,,,,,,,,,,,,,,,,,,
"bvc:1bfaba64-6b43-449d-b571-18edc0176bef","board fibres",,,,,,,,,,,,,,,,,,,,,,,,,,,,,,,,,,,,,,,,,,,,,
"bvc:c4803b8e-0ca5-42f2-804e-594b1ee55b83","metal",,,,,,,,,,,,,,,,,,,,,,,,,,,,,,,,,,,,,,,,,,,,,
"bvc:efb11821-8f9e-4d16-a2b9-45837a2162ca","hydroxypropyl cellulose",,,,,,,,,,,,,,,,,,,,,,,,,,,,,,,,,,,,,,,,,,,,,
"bvc:b1e6c630-c445-47cd-b686-a150674a00b1","polyester film",,,,,,,,,,,,,,,,,,,,,,,,,,,,,,,,,,,,,,,,,,,,,
"bvc:e7617fc2-4331-4a48-b671-c4b0af964269","dye",,,,,,,,,,,,,,,,,,,,,,,,,,,,,,,,,,,,,,,,,,,,,
"bvc:0c2fceae-760b-4a9e-848c-178fde8515b4","stain",,,,,,,,,,,,,,,,,,,,,,,,,,,,,,,,,,,,,,,,,,,,,
"bvc:749720c4-028b-410d-891b-94d913e3c147","mount board",,,,,,,,,,,,,,,,,,,,,,,,,,,,,,,,,,,,,,,,,,,,,
"bvc:dfc68bd7-0513-4d65-b5c0-94c91d60f01d","fibres",,,,,,,,,,,,,,,,,,,,,,,,,,,,,,,,,,,,,,,,,,,,,
"bvc:032f0765-6958-4e82-8d16-7f76e0b8be6d","dyed",,,,,,,,,,,,,,,,,,,,,,,,,,,,,,,,,,,,,,,,,,,,,
"bvc:37fa4750-9d06-4d52-8b48-6288083d3ca1","undyed",,,,,,,,,,,,,,,,,,,,,,,,,,,,,,,,,,,,,,,,,,,,,
"bvc:052606e4-dbb6-45a4-8ab6-9eb920ae7203","natural",,,,,,,,,,,,,,,,,,,,,,,,,,,,,,,,,,,,,,,,,,,,,
"bvc:d4cb1e41-dd40-4c86-a8e0-d11a49575573","toned",,,,,,,,,,,,,,,,,,,,,,,,,,,,,,,,,,,,,,,,,,,,,
"bvc:2692f08c-68a2-4e0f-8ab9-88ad2feab8f8","archival",,,,,,,,,,,,,,,,,,,,,,,,,,,,,,,,,,,,,,,,,,,,,
"bvc:5ef59bcc-43bd-48bf-b974-85e2ba7501fc","tengujo",,,,,,,,,,,,,,,,,,,,,,,,,,,,,,,,,,,,,,,,,,,,,
"bvc:116a1567-53e1-44cc-9a54-87cd86576878","usumino",,,,,,,,,,,,,,,,,,,,,,,,,,,,,,,,,,,,,,,,,,,,,
"bvc:5c61097d-b5d6-4b4c-ae01-54c53a8d05fb","tinted",,,,,,,,,,,,,,,,,,,,,,,,,,,,,,,,,,,,,,,,,,,,,
"bvc:54d58a0a-a7ee-4948-8f36-9bcd008d70b9","brass",,,,,,,,,,,,,,,,,,,,,,,,,,,,,,,,,,,,,,,,,,,,,
"bvc:b0a68006-b494-4a9a-a36c-bdc4da758276","stained",,,,,,,,,,,,,,,,,,,,,,,,,,,,,,,,,,,,,,,,,,,,,
"bvc:007fd6ce-1d84-4b25-9e81-4f8e521ea027","beech wood",,,,,,,,,,,,,,,,,,,,,,,,,,,,,,,,,,,,,,,,,,,,,
"bvc:c3aa837f-387e-4da0-a48c-acf8d1817f1a","hemp",,,,,,,,,,,,,,,,,,,,,,,,,,,,,,,,,,,,,,,,,,,,,
"bvc:5fcf7aef-291f-462f-9344-f676cfaff72f","sewing",,,,,,,,,,,,,,,,,,,,,,,,,,,,,,,,,,,,,,,,,,,,,
"bvc:4298a7b3-d07f-412c-b376-7b7e135ebcc0","oversewing",,,,,,,,,,,,,,,,,,,,,,,,,,,,,,,,,,,,,,,,,,,,,
"bvc:1dde836d-4f06-4d04-8843-f30651e74b05","pasting",,,,,,,,,,,,,,,,,,,,,,,,,,,,,,,,,,,,,,,,,,,,,
"bvc:97c653f8-931b-4bc6-ac47-da30f9dcf925","lining (technique)",,,,,,,,,,,,,,,,,,,,,,,,,,,,,,,,,,,,,,,,,,,,,
"bvc:12b6d99f-cf02-44be-a0ea-a1419bc5f286","guarding",,,,,,,,,,,,,,,,,,,,,,,,,,,,,,,,,,,,,,,,,,,,,
"bvc:f4d55db1-b5c0-45ae-aaa0-6d3f0b50b8e7","slotting",,,,,,,,,,,,,,,,,,,,,,,,,,,,,,,,,,,,,,,,,,,,,
"bvc:3a43912d-2463-42c2-87d9-87768cd59385","cutting",,,,,,,,,,,,,,,,,,,,,,,,,,,,,,,,,,,,,,,,,,,,,
"bvc:dc938e11-20e8-49ba-98ab-10fa33ea2ae4","lifting",,,,,,,,,,,,,,,,,,,,,,,,,,,,,,,,,,,,,,,,,,,,,
"bvc:c6a871bf-e46d-4056-98b1-2a0d5192c79d","detaching",,,,,,,,,,,,,,,,,,,,,,,,,,,,,,,,,,,,,,,,,,,,,
"bvc:8847f1fc-a0a3-41de-8565-7f759f064f22","repairing",,,,,,,,,,,,,,,,,,,,,,,,,,,,,,,,,,,,,,,,,,,,,
"bvc:7f5f1e60-a9b7-406f-83c5-5f59372c88d5","paring",,,,,,,,,,,,,,,,,,,,,,,,,,,,,,,,,,,,,,,,,,,,,
"bvc:1dd10712-d62b-4b01-b365-caeee3727baa","sanding",,,,,,,,,,,,,,,,,,,,,,,,,,,,,,,,,,,,,,,,,,,,,
"bvc:a9ac50ad-d9ba-4395-8148-786616104e72","reinforcing",,,,,,,,,,,,,,,,,,,,,,,,,,,,,,,,,,,,,,,,,,,,,
"bvc:8fba4d34-5f2f-4c22-8c60-812d1507809d","in the round",,,,,,,,,,,,,,,,,,,,,,,,,,,,,,,,,,,,,,,,,,,,,
"bvc:07fb76a7-7255-4324-a4d0-bd4ced9612c1","folding",,,,,,,,,,,,,,,,,,,,,,,,,,,,,,,,,,,,,,,,,,,,,
"bvc:3614c25b-fa67-40b1-8b6a-0da013f5ca89","brushing",,,,,,,,,,,,,,,,,,,,,,,,,,,,,,,,,,,,,,,,,,,,,
"bvc:b25d38c5-d851-4aaf-9d21-2056d413e93b","washing",,,,,,,,,,,,,,,,,,,,,,,,,,,,,,,,,,,,,,,,,,,,,
"bvc:fb55256f-4206-4e49-9009-57500ffed262","deacidifying",,,,,,,,,,,,,,,,,,,,,,,,,,,,,,,,,,,,,,,,,,,,,
"bvc:0bed6f5f-3045-4fc8-ad6c-64d861751c6e","dry cleaning",,,,,,,,,,,,,,,,,,,,,,,,,,,,,,,,,,,,,,,,,,,,,
"bvc:b54fa745-09af-4708-bb05-23bf4eb0622b","drying",,,,,,,,,,,,,,,,,,,,,,,,,,,,,,,,,,,,,,,,,,,,,
"bvc:0e1bf380-ea2b-4bfb-a395-f0914e630b30","dry (technique)",,,,,,,,,,,,,,,,,,,,,,,,,,,,,,,,,,,,,,,,,,,,,
"bvc:395c51b9-0621-46c8-b0c5-ffdc1989194b","lacing in",,,,,,,,,,,,,,,,,,,,,,,,,,,,,,,,,,,,,,,,,,,,,
"bvc:ba194025-33cb-4550-a581-6bf73bf84982","humidification",,,,,,,,,,,,,,,,,,,,,,,,,,,,,,,,,,,,,,,,,,,,,
"bvc:99d9eb7e-646f-4714-b98f-d0f88c6cf49d","pinning",,,,,,,,,,,,,,,,,,,,,,,,,,,,,,,,,,,,,,,,,,,,,
"bvc:fb5a65be-93f9-4894-9b0f-5c8ec6a57dda","folding in half",,,,,,,,,,,,,,,,,,,,,,,,,,,,,,,,,,,,,,,,,,,,,
"bvc:35d17a08-dcf1-4ab7-84ad-d69147cd1dfb","one on- one off",,,,,,,,,,,,,,,,,,,,,,,,,,,,,,,,,,,,,,,,,,,,,
"bvc:4b0d6764-8362-451d-bce0-12a941ae43c5","rebacking",,,,,,,,,,,,,,,,,,,,,,,,,,,,,,,,,,,,,,,,,,,,,
"bvc:2d239a6d-8a73-4204-b5bd-9535bd236aba","link-stitch",,,,,,,,,,,,,,,,,,,,,,,,,,,,,,,,,,,,,,,,,,,,,
"bvc:fb8d96bf-f6f3-4a3e-bf4c-5cad8cb4b4b4","rehitching",,,,,,,,,,,,,,,,,,,,,,,,,,,,,,,,,,,,,,,,,,,,,
"bvc:98325aa4-e850-4b85-a50e-cc0ec485fabc","bevelling",,,,,,,,,,,,,,,,,,,,,,,,,,,,,,,,,,,,,,,,,,,,,
"bvc:d18e56ea-aff5-421b-a272-ff31ac8e6141","rolling",,,,,,,,,,,,,,,,,,,,,,,,,,,,,,,,,,,,,,,,,,,,,
"bvc:d1b16b4e-5520-42cf-8262-32d72c63a30e","extending",,,,,,,,,,,,,,,,,,,,,,,,,,,,,,,,,,,,,,,,,,,,,
"bvc:b3eb813d-3330-4e0e-bd59-825d5b81ef37","retanning",,,,,,,,,,,,,,,,,,,,,,,,,,,,,,,,,,,,,,,,,,,,,
"bvc:22edccf3-82e0-48e7-a713-ba7d3ccc2739","consolidation",,,,,,,,,,,,,,,,,,,,,,,,,,,,,,,,,,,,,,,,,,,,,
"bvc:452f6652-51d2-4629-bb65-66c72c19f62a","pulling",,,,,,,,,,,,,,,,,,,,,,,,,,,,,,,,,,,,,,,,,,,,,
"bvc:5a65c614-812d-48f9-b92a-9e802cf4680f","sizing",,,,,,,,,,,,,,,,,,,,,,,,,,,,,,,,,,,,,,,,,,,,,
"bvc:9bc9b6ba-601c-4eb9-bf34-794d05ab3964","furbishing",,,,,,,,,,,,,,,,,,,,,,,,,,,,,,,,,,,,,,,,,,,,,
"bvc:03c14e0c-1254-484b-b0ac-22215684c4c3","reattaching",,,,,,,,,,,,,,,,,,,,,,,,,,,,,,,,,,,,,,,,,,,,,
"bvc:43edce6b-0404-49c1-9ec0-567c283d864b","stitching",,,,,,,,,,,,,,,,,,,,,,,,,,,,,,,,,,,,,,,,,,,,,
"bvc:0f54c72a-f5da-46f8-a33b-d4b522270767","fraying",,,,,,,,,,,,,,,,,,,,,,,,,,,,,,,,,,,,,,,,,,,,,
"bvc:761b9b09-14b3-4e80-b819-09523558b531","rubbing",,,,,,,,,,,,,,,,,,,,,,,,,,,,,,,,,,,,,,,,,,,,,
"bvc:4b255c0e-03ca-402d-a2fa-9ccdb7e4d882","infilling",,,,,,,,,,,,,,,,,,,,,,,,,,,,,,,,,,,,,,,,,,,,,
"bvc:0d718109-f085-4e63-93b0-58ad321788b7","supporting",,,,,,,,,,,,,,,,,,,,,,,,,,,,,,,,,,,,,,,,,,,,,
"bvc:fcf32b6d-99c1-4ade-a5f1-de5ffae0a7be","tipping",,,,,,,,,,,,,,,,,,,,,,,,,,,,,,,,,,,,,,,,,,,,,
"bvc:bfc39c2e-893f-4723-9999-bfde1e36bf06","scraping",,,,,,,,,,,,,,,,,,,,,,,,,,,,,,,,,,,,,,,,,,,,,
"bvc:734405d0-2e5f-4e34-a126-1ab6ac14483a","cleaning",,,,,,,,,,,,,,,,,,,,,,,,,,,,,,,,,,,,,,,,,,,,,
"bvc:33f5a048-1650-4551-acc3-a9591d30b96c","inserting",,,,,,,,,,,,,,,,,,,,,,,,,,,,,,,,,,,,,,,,,,,,,
"bvc:e888dad9-62fb-44c2-852b-a9c83d38f1e0","staining (coloring)",,,,,,,,,,,,,,,,,,,,,,,,,,,,,,,,,,,,,,,,,,,,,
"bvc:b3119a3e-99ce-4cce-a2f9-b6763e872738","tying up",,,,,,,,,,,,,,,,,,,,,,,,,,,,,,,,,,,,,,,,,,,,,
"bvc:6f580c45-6209-4253-9562-b46b306a2717","dyeing",,,,,,,,,,,,,,,,,,,,,,,,,,,,,,,,,,,,,,,,,,,,,
"bvc:a90a5536-af54-4d38-91a2-4dc8d942759b","glueing",,,,,,,,,,,,,,,,,,,,,,,,,,,,,,,,,,,,,,,,,,,,,
"bvc:c219c541-fa18-40a2-a206-cc96509dbd4a","building up",,,,,,,,,,,,,,,,,,,,,,,,,,,,,,,,,,,,,,,,,,,,,
"bvc:f53d36d8-24d2-42b2-b1a5-caca80f1d4a2","filling",,,,,,,,,,,,,,,,,,,,,,,,,,,,,,,,,,,,,,,,,,,,,
"bvc:7654de0a-b394-4207-a4ec-2dd6101f95e6","scarfing",,,,,,,,,,,,,,,,,,,,,,,,,,,,,,,,,,,,,,,,,,,,,
"bvc:f0a99e1b-472b-4001-baef-4914423975e4","primary sewing (endband techniques)",,,,,,,,,,,,,,,,,,,,,,,,,,,,,,,,,,,,,,,,,,,,,
"bvc:a7d4e799-b826-4dd2-802b-bf469ebe51fd","secondary sewing (endband techniques)",,,,,,,,,,,,,,,,,,,,,,,,,,,,,,,,,,,,,,,,,,,,,
"bvc:598824f7-0405-4aa0-bba2-d35f8a959637","front and back bead",,,,,,,,,,,,,,,,,,,,,,,,,,,,,,,,,,,,,,,,,,,,,
"bvc:eb055744-5f87-47d7-b238-710d6b3af06b","front bead",,,,,,,,,,,,,,,,,,,,,,,,,,,,,,,,,,,,,,,,,,,,,
"bvc:e65c476c-6409-4840-b0f4-c48261644a17","zig-zag gusset (stitching)",,,,,,,,,,,,,,,,,,,,,,,,,,,,,,,,,,,,,,,,,,,,,
"bvc:898de4be-186d-47ed-a975-2bbe778a7ae3","under weight",,,,,,,,,,,,,,,,,,,,,,,,,,,,,,,,,,,,,,,,,,,,,
"bvc:ea21dbfe-88e7-4d53-b92c-dbb16891b28a","flush",,,,,,,,,,,,,,,,,,,,,,,,,,,,,,,,,,,,,,,,,,,,,
"bvc:413e7534-9887-43a0-aff9-8130e922c779","back bead reversing stitch",,,,,,,,,,,,,,,,,,,,,,,,,,,,,,,,,,,,,,,,,,,,,
"bvc:0a86cfab-d3fa-42be-b0c4-51cd37359bdf","vat (dyeing)",,,,,,,,,,,,,,,,,,,,,,,,,,,,,,,,,,,,,,,,,,,,,
"bvc:506e5b7a-5c6b-43ec-a90d-be720644fa04","double thread",,,,,,,,,,,,,,,,,,,,,,,,,,,,,,,,,,,,,,,,,,,,,
"bvc:305236f1-5eac-4127-b8a4-24e44025e5d7","two needle",,,,,,,,,,,,,,,,,,,,,,,,,,,,,,,,,,,,,,,,,,,,,
"bvc:279b5458-3f25-4e69-80b5-ba12960b4d82","front cross-over bead",,,,,,,,,,,,,,,,,,,,,,,,,,,,,,,,,,,,,,,,,,,,,
"bvc:b47f9e6f-c3cd-4372-b152-cae76a1b09ed","in situ",,,,,,,,,,,,,,,,,,,,,,,,,,,,,,,,,,,,,,,,,,,,,
"bvc:bc16ad2c-599c-406e-ab77-ff1841508fc5","back reversing stitch",,,,,,,,,,,,,,,,,,,,,,,,,,,,,,,,,,,,,,,,,,,,,
"bvc:f78d77b5-b714-49ab-bdb8-f5c18f8b2f75","pastedowns",,,,,,,,,,,,,,,,,,,,,,,,,,,,,,,,,,,,,,,,,,,,,
"bvc:4a04187f-a135-4d31-9143-27c8ca744129","flyleaves",,,,,,,,,,,,,,,,,,,,,,,,,,,,,,,,,,,,,,,,,,,,,
"bvc:41ec944b-6f0a-4eca-96c5-63534cb5035b","'made' sheets",,,,,,,,,,,,,,,,,,,,,,,,,,,,,,,,,,,,,,,,,,,,,
"bvc:753d6434-c8f0-44c9-a498-14a3760a8192","stub",,,,,,,,,,,,,,,,,,,,,,,,,,,,,,,,,,,,,,,,,,,,,
"bvc:3ef9e52f-16f0-4e34-b41e-995545522257","core (endband)",,,,,,,,,,,,,,,,,,,,,,,,,,,,,,,,,,,,,,,,,,,,,
"bvc:7bb475ec-5535-47c8-9542-94b68044fd88","knife",,,,,,,,,,,,,,,,,,,,,,,,,,,,,,,,,,,,,,,,,,,,,
"bvc:94d7f47c-a1d9-4d50-bf1d-055dbaa82171","brush",,,,,,,,,,,,,,,,,,,,,,,,,,,,,,,,,,,,,,,,,,,,,
"bvc:04ecb33c-cdc0-4a99-b641-e3e3f2ae5556","spatula",,,,,,,,,,,,,,,,,,,,,,,,,,,,,,,,,,,,,,,,,,,,,
"bvc:a7d68b00-5bc5-47f2-b1d5-e7355b7ce36e","curved needle",,,,,,,,,,,,,,,,,,,,,,,,,,,,,,,,,,,,,,,,,,,,,
"bvc:b6dccca8-c50a-44b2-a0f8-ad4e7d4280da","needles",,,,,,,,,,,,,,,,,,,,,,,,,,,,,,,,,,,,,,,,,,,,,
"bvc:27191187-c34b-40a4-a23c-e0aec43feea1","syringe",,,,,,,,,,,,,,,,,,,,,,,,,,,,,,,,,,,,,,,,,,,,,
"bvc:67780032-b759-4f2a-801e-18302ee32962","boards (flat objects)",,,,,,,,,,,,,,,,,,,,,,,,,,,,,,,,,,,,,,,,,,,,,
"bvc:c1886d05-626a-47ef-a6f0-dad7a529e525","bulldog clips",,,,,,,,,,,,,,,,,,,,,,,,,,,,,,,,,,,,,,,,,,,,,
"bvc:7446267b-f761-4afb-89ff-6f387d9b18a9","foredom drill",,,,,,,,,,,,,,,,,,,,,,,,,,,,,,,,,,,,,,,,,,,,,
"bvc:16b01476-3767-4d6a-83cb-b7d52ad36498","blotters",,,,,,,,,,,,,,,,,,,,,,,,,,,,,,,,,,,,,,,,,,,,,
"bvc:880f1be0-c6dd-40eb-a89d-f046d9219ba9","covering material",,,,,,,,,,,,,,,,,,,,,,,,,,,,,,,,,,,,,,,,,,,,,
"bvc:65442018-18dd-4761-b2f4-ffc657187e1a","spine stiffener",,,,,,,,,,,,,,,,,,,,,,,,,,,,,,,,,,,,,,,,,,,,,
"bvc:683d74d8-b3c7-4d21-8e7c-aea8ae7665f2","lining",,,,,,,,,,,,,,,,,,,,,,,,,,,,,,,,,,,,,,,,,,,,,
"bvc:4b14e55a-5a1a-48a9-863c-ddc248685c84","comb lining",,,,,,,,,,,,,,,,,,,,,,,,,,,,,,,,,,,,,,,,,,,,,
"bvc:06d51cb6-c495-4968-9929-a32f85443e96","spine (cover)",,,,,,,,,,,,,,,,,,,,,,,,,,,,,,,,,,,,,,,,,,,,,
"bvc:9390e72f-cae7-48e8-939c-696c4028024b","spine lining",,,,,,,,,,,,,,,,,,,,,,,,,,,,,,,,,,,,,,,,,,,,,
"bvc:8fa3b487-b69a-40af-990a-9c71d654cc32","adhesive layer",,,,,,,,,,,,,,,,,,,,,,,,,,,,,,,,,,,,,,,,,,,,,
"bvc:ad9523ed-4bb9-41fc-a951-a2f612162038","previous repairs",,,,,,,,,,,,,,,,,,,,,,,,,,,,,,,,,,,,,,,,,,,,,
"bvc:704b35eb-6457-457a-bc67-4c8cca0afefc","guard",,,,,,,,,,,,,,,,,,,,,,,,,,,,,,,,,,,,,,,,,,,,,
"bvc:7520dffc-dfa9-466a-8d51-31cdebe00d12","braids",,,,,,,,,,,,,,,,,,,,,,,,,,,,,,,,,,,,,,,,,,,,,
"bvc:4cdc50bc-b18b-4e78-815d-8c61fcffdb7f","concertina guard",,,,,,,,,,,,,,,,,,,,,,,,,,,,,,,,,,,,,,,,,,,,,
"bvc:aad3d408-53b3-4363-a6f5-eedc2740b2fb","furniture",,,,,,,,,,,,,,,,,,,,,,,,,,,,,,,,,,,,,,,,,,,,,
"bvc:f19e9421-5101-481e-8e4b-20f7b89ff8a2","tips (corners)",,,,,,,,,,,,,,,,,,,,,,,,,,,,,,,,,,,,,,,,,,,,,
"bvc:b648189c-340f-4ebe-a3a1-be87844501a1","end-of-spine support bands",,,,,,,,,,,,,,,,,,,,,,,,,,,,,,,,,,,,,,,,,,,,,
"bvc:27c12f35-d672-4c92-a1fa-75702b42da5d","pins",,,,,,,,,,,,,,,,,,,,,,,,,,,,,,,,,,,,,,,,,,,,,
"bvc:8afc6ab4-9ee4-45e5-ad2b-9ed7f16505bd","spine labels",,,,,,,,,,,,,,,,,,,,,,,,,,,,,,,,,,,,,,,,,,,,,
"bvc:4c7df360-c7bf-4fac-a435-87a8bf491855","slips",,,,,,,,,,,,,,,,,,,,,,,,,,,,,,,,,,,,,,,,,,,,,
"bvc:7c001186-975e-4b38-9567-9925a69e87f5","leaves",,,,,,,,,,,,,,,,,,,,,,,,,,,,,,,,,,,,,,,,,,,,,
"bvc:a882b2a3-66f9-40c1-bfa9-7cb82706aebf","grain layer",,,,,,,,,,,,,,,,,,,,,,,,,,,,,,,,,,,,,,,,,,,,,
"bvc:5473370c-ef2c-40d4-bfd1-c4b51e9164c5","infill",,,,,,,,,,,,,,,,,,,,,,,,,,,,,,,,,,,,,,,,,,,,,
"bvc:dbd30db6-2106-44eb-ae96-84f241f5dd7a","wedges",,,,,,,,,,,,,,,,,,,,,,,,,,,,,,,,,,,,,,,,,,,,,
"bvc:05873120-5bb8-49e2-9bac-58fee13fa64a","insert",,,,,,,,,,,,,,,,,,,,,,,,,,,,,,,,,,,,,,,,,,,,,
"bvc:a81df4d7-8802-46c2-b466-50b8a2610ae5","white",,,,,,,,,,,,,,,,,,,,,,,,,,,,,,,,,,,,,,,,,,,,,
"bvc:ecc6ecd7-5baa-4a45-bbb6-df7858ff272f","blue",,,,,,,,,,,,,,,,,,,,,,,,,,,,,,,,,,,,,,,,,,,,,
"bvc:91fede93-fdf0-40cd-970e-92a0bc2af847","red",,,,,,,,,,,,,,,,,,,,,,,,,,,,,,,,,,,,,,,,,,,,,
"bvc:73f242e7-6cfd-42cf-acbe-f87408cd3bbd","brown",,,,,,,,,,,,,,,,,,,,,,,,,,,,,,,,,,,,,,,,,,,,,
"bvc:920e8e48-86bd-4391-8963-3e2e7d06ffee","inch",,,,,,,,,,,,,,,,,,,,,,,,,,,,,,,,,,,,,,,,,,,,,
"bvc:2636ec23-6b58-4797-9b50-a4a24d6b7c46","gsm",,,,,,,,,,,,,,,,,,,,,,,,,,,,,,,,,,,,,,,,,,,,,
"bvc:55ac0c8b-4345-4d7d-840a-54f58ee14636","Gunze Count system",,,,,,,,,,,,,,,,,,,,,,,,,,,,,,,,,,,,,,,,,,,,,
"bvc:b182c082-1fd8-4153-9dde-1fd7468251f1","wt",,,,,,,,,,,,,,,,,,,,,,,,,,,,,,,,,,,,,,,,,,,,,
"bvc:355eb60c-2da3-469d-b169-c916b7edeb62","ml",,,,,,,,,,,,,,,,,,,,,,,,,,,,,,,,,,,,,,,,,,,,,
"bvc:0dd711bc-7767-4605-b71a-8acfd083ea06","ply",,,,,,,,,,,,,,,,,,,,,,,,,,,,,,,,,,,,,,,,,,,,,
